{"0.914992540531584":{"user_id":1},"0.26068389285747573":{"user_id":1},"0.5176894023564766":{"user_id":1}}